"Metabolite","IS","pH","ITC.Kd.app","Theoretical.Kd.app","error"
"EDTA",0.15,7.5,0.00306433704324448,0.00190118448221397,37.9577228162533
"EDTA",0.39,7,0.0428656363768078,0.0305427391105263,28.7477296684873
"ATP",0.15,7.5,0.054990588360802,0.103428575668501,-88.0841408531396
"ATP",0.39,7,0.253687345567828,0.604972151153367,-138.471552374541
"Glucose 6-P",0.15,7.5,6.78472080873872,5.1475268569119,24.1306016559756
"Glucose 6-P",0.39,7,20.0642054574639,13.7045384654212,31.696580288341
